1 Thiruvananthapuram Karamana Pappanamcode Mosque ,8.4691855,76.9830051
2Kollam Chavara PS Regent Lake Palace ,8.9908056,76.5404387
3 Thiruvananthapuram CITY TRAFFIC Tax Towers ,8.4814821,76.9668264
4 Malappuram KUTTIPURAM Vyapara Bhavan ,10.8423474,76.0298804
5 Thiruvananthapuram Balaramapuram Kodinada Junction - Indian Oil Petrol Pump Balaramapuram Junction National Highway 66 (NH 66) NH 92 6 300,8.4320632,77.0502803
6 Ernakulam ANGAMALI HP Petrol Pump -  Angamali Junction Angamali Junction National Highway 544 (NH - 544) NH 83 12 297,10.9710291,77.037603
7 Alappuzha KUTHIYATHODE Jn) Thuravoor Junction National Highway 66 (NH 66) NH 73 14 275,9.7934071,76.3159664
8 Alappuzha AROOR 100m before Aroor Police Station - 100m after St. Mary's Church Chandiroor Chandiroor National Highway 66 (NH 66) NH 68 16 264,9.8433362,76.3088759
"9 Alappuzha Harippad 120m after Kunjanvathukal Temple - 120m before Karuvatta Post Office Ashramam, Karuvatta South National Highway 66 (NH 66) NH 66 18 262",8.3900444,77.1618175
10 Thiruvananthapuram CITY TRAFFIC East Fort KSRTC Depo Junction -  Attakulangara Junction East Fort Junction Mahatma Gandhi road OR 70 10 250,8.4987058,76.9485891
"11 Kollam Chavara PS Kerala Water Authority Office-Hindustan Petroleum,edappillykotta Edapallykotta National Highway 66 (NH 66) NH 67 16 249",8.9908056,76.5404387
12 Kollam Karunagappally PS HP Petrol Pump - Karunagappally High School Junction Junction National Highway 66 (NH 66) NH 72 8 248,9.0597934,76.5355902
"13 Alappuzha Aroor ICICI Bank ATM, Aroor - SBI Bank Aroor Aroor Main Junction National Highway 66 (NH 66) NH 65 14 243",9.878191,76.3038672
14 Thiruvananthapuram City Traffic Overbridge Junction - East Fort KSRTC Depo Junction Overbridge Junction Mahatma Gandhi road OR 67 10 241,8.4987058,76.9485891
15 Kozhikode TRAFFIC STATION 160m after IOC Petrol Pump - 75m after Sarovaram Road Junction Eranjippalam Junction National Highway 766 (NH 766) NH 64 11 236,11.2687015,75.7928134
16 Thiruvananthapuram Karamana Killipalam Junction - Bharat Petroleum Petrol Pump Killipalam Junction National Highway 66 (NH 66) NH 66 9 234,8.5299618,76.9287877
Severity IndexHigh Risk Blackspot Identified in Kerala State based on 2016 to 2018 Accident Data,10.1631526,76.6412712
17 Thiruvananthapuram City Traffic Shakthi Hospital - 200m after Pravachambalam Junction Pravachambalam National Highway 66 (NH 66) NH 68 4 220,8.5241391,76.9366376
18 Kollam OCHIRA IOC Petrol Pump - 160m after Vavvakavu Juma Masjid Vavvakavu Junction National Highway 66 (NH 66) NH 61 9 219,9.1255172,76.5097205
19 Kollam KARUNAGAPPALLY Vijaya Beer and Wine Parlour - Lalaji Junction KSRTC Stand Karunagappally National Highway 66 (NH 66) NH 61 9 219,9.0490762,76.5361786
20 Kottayam Changanachery 80m before Dhanlaxmi Bank - Dream Indane Services Perunna Junction National Highway 183 (NH 183) NH 61 9 219,9.4382274,76.5441695
21 Thrissur CHALAKUDI 140 mts before Kallada Travels - Chungath Tourist Home Chalakudi South Junction National Highway 544 (NH - 544) NH 57 13 219,10.301714,76.3369549
22 Thiruvananthapuram City Traffic MGM School -  Kuzhivila Junction Kuzhivila Junction National Highway 66 Bypass (NH 66 Bypass) NH 62 8 218,8.5241391,76.9366376
"23 Alappuzha Pattanakkadu50m before The Alleppeyooperative Bank, Pattanakad - Govt LP",9.7385268,76.3185918
School Pattanakkad Pattanakkad National Highway 66 (NH 66)NH 55 13 217,9.7284118,76.3098795
24 Thrissur Pudukkad Pulickan Road Jn - Post Office Pudukad Pudukad National Highway 544 (NH - 544) NH 58 10 214,10.9710291,77.037603
25 Kollam Kollam Traffic PS 300m before Ayathil Junction - 140m before Royal auditorium Ayathil Junction National Highway 66 Bypass (NH 66 Bypass) NH 65 4 211,8.8965736,76.6354952
26 Thrissur Pudukkad 110 mts after Gogulam Residency - 140 m after BPCL Pump Amballoor Junction National Highway 544 (NH - 544) NH 66 3 210,10.4354896,76.2651551
"27Alappuzha Nooranadu State Bank of India - Head Post Office, Nooranad Nooranad Kayamkulam - Pathanapuram (SH 5) SH 58 10 206",9.1637394,76.6429469
28 Kozhikode Traffic City 140m before Asten Specialty Orthopaedic Hospital-State Bank of India Pantheerankavu National Highway 66 Bypass (NH 66 Bypass) NH 56 9 204,11.230561,75.8518447
29 Kollam Chadayamangalam PS 110m after State Bank of India - Dhanya Supermarket Ayoor Junction Main Central Road (SH 1) SH 59 7 201,8.8968951,76.8610308
"30 Alappuzha NOORANADU Federal Bank ATM - KSEB Section Office,Charummoodu Charummoodu National Highway 183 (NH 183) NH 54 9 198",9.1713896,76.6499534
31 Thiruvananthapuram CITY TRAFFIC Government Fine Arts College - VJT Hall Junction Palayam National Highway 66 (NH 66) NH 59 5 197,8.5039157,76.9510538
32 Pathanamthitta THIRUVALLA 110m after HP Petrol Pump - CSI Church Thukalassery National Highway 183 (NH 183) NH 59 4 193,9.3744209,76.579165
33 Kozhikode Traffic City 80m before Arayidathu Palam - Sowbhagya Shopping Complex Arayidathupalam Junction Mavoor road OR 57 8 191,11.2587153,75.7942062
34 Thiruvananthapuram Attingal Axis Bank - Attingal Municipal Service Sahakarana Bank Alamcode Junction National Highway 66 (NH 66) NH 53 8 191,8.7030126,76.8144188
35 Kollam Kollam East PS State Bank of India - Xavier's Residency Prathibha Junction National Highway 744 (NH 744) NH 58 4 190,8.8932118,76.6141396
"36 Alappuzha Kayamkulam Indus Motors,Kottukulangara - Masjid AlTaqwa Kottukulangara National Highway 66 (NH 66) NH 54 7 190",9.1953887,76.4862597
37 Alappuzha Harippad SBI Harippad - 190m after Harippad Highway Junction Harippad Junction National Highway 66 (NH 66) NH 47 12 189,9.2798559,76.4592235
38 Thiruvananthapuram KALLAMBALAM 75m after ICICI Bank - Kallambalam Police Station Kallambalam Junction National Highway 66 (NH 66) NH 52 8 188,8.762886,76.7913996
39Thrissur KORATTI St Marys Hospital- 210mts before Koratty Police Station Koratty Junction National Highway 544 (NH - 544) NH 52 8 184,10.2655177,76.3517313
40 Thiruvananthapuram City Traffic BSNL RTTC - 50m before Pappanamcode Mosque Kaimanam National Highway 66 (NH 66) NH 57 3 183,8.4741182,76.9772675
41 Kollam Kottiyam PS Dhanya Supermarket - State Bank of India Kottiyam Junction National Highway 66 (NH 66) NH 54 5 182,8.8659473,76.6708601
42 Ernakulam CITY TRAFFIC EAST Hotel New Regency - D'Life Vyttila Vyttila Junction National Highway 66 (NH 66) NH 50 9 182,9.968199,76.3182346
"43 Alappuzha Cherthala 70m after NEXA Cherthala - 100m before St Marys School Road Junction Pullattuvadakkeveli, Cherthala National Highway 66 (NH 66) NH 55 4 181",9.6839249,76.3377688
44 Kollam OCHIRA Sarada Devi Temple -  Sree Mahadeva Saw Mill Changankulangara National Highway 66 (NH 66) NH 47 11 181,9.1096398,76.5213648
45 Thrissur KUNNAMKULAM Samsung Furniture Mart - Kunnamkulam Police Station Kunnamkulam Junction Thrissur - Kuttipuram Road (SH - 69) SH 47 11 181,10.649479,76.0706589
46 Thiruvananthapuram CITY TRAFFIC 250m before and after Pallichal Junction Pallichal National Highway 66 (NH 66) NH 50 6 178,8.4500375,77.026113
"47 Alappuzha Pattanakkadu Pattanakad Grama Panchayath Office - SCUGVHSS Pattanakad Mahadeva Temple, Pattanakad National Highway 66 (NH 66) NH 46 11 178",9.7284118,76.3098795
,,
48Kollam Chavara PS Puthenthura Bakery Junction - 90m before Regency Lake Palace Altharamoodu Junction National Highway 66 (NH 66) NH 43 12 177,8.9908056,76.5404387
49 Kottayam ETTUMANOOR Village Office Ettumanoor - Bus Station Entry Ettumanoor Main Central Road (SH 1) SH 52 5 176,9.6917451,76.5604189
"50 Pathanamthitta ADOOR Central Junction - 85m after A G Town Hall Central Junction, Adoor Main Central Road (SH 1) SH 54 3 174",9.1529667,76.7356123
51 Ernakulam AIRPORT St.George Jacobite Syrian Chapel-  Airport Jn Athani Junction National Highway 544 (NH - 544) NH 51 5 173,10.1529676,76.35486
52 Alappuzha Kayamkulam 100m before TEXMO Home Applainces - NCS TATA Motors Kayamkulam Highway Palace Kayamkulam National Highway 66 (NH 66) NH 47 8 173,9.1748422,76.5013352
53 Kollam Chavara PS Hima Hotel - Neeendakara Bridge Neendakara Junction National Highway 66 (NH 66) NH 47 8 173,8.9443198,76.5401527
54 Thiruvananthapuram BALARAMAPURAMPoonkodu Mulluvila Sree Bhadrakali Temple - 50m after Mahindra First Choice,8.3615124,77.0559513
,,
55 Alappuzha Mararikkulam 50m after Sacred Heart Church - Mayithara Market Mayithara National Highway 66 (NH 66) NH 48 8 172,9.6459846,76.3376786
"56 Thiruvananthapuram City Traffic170m before Kulathoor NH BypassJunction - 100m after South Indian Bank, NH",8.5424096,76.8853619
57 Alappuzha Kareelakulangara Sree Dharma Sastha Temple - 120m after Ramapuram Junction Ramapuram Junction National Highway 66 (NH 66) NH 41 13 171,9.1934397,76.4852265
"58 Thiruvananthapuram ATTINGAL South Indian Bank -  Kerala Gramin Bank, Attingal Attingal National Highway 66 (NH 66) NH 50 5 170",8.6982226,76.8136569
59 Alappuzha MararikkulamMararikulam North Panchayat Office - 50m after S L Puram Cooperative,9.6112554,76.329842
"Bank,Kanjikuzhy Mararikulam National Highway 66 (NH 66)NH 52 3 168",9.598736,76.3116235
60 Thrissur THRISSUR TRAFFIC PS 70m after HDFC Bank - 90m after Dhanalaxmi Bank ATM Punkunnam Junction Thrissur - Kuttipuram Road (SH - 69) SH 49 6 167,10.6278352,76.0942094
61 Pathanamthitta THIRUVALLA 140m Deepa Junction- 50m after Malabar Gold andDiamonds Deepa Junction National Highway 183 (NH 183) NH 49 5 167,9.3852725,76.5749856
62 Thiruvananthapuram City Traffic Muslim Jamaath - State Bank of India Kallampally Sreekaryam National Highway 66 (NH 66) NH 50 4 166,8.5455471,76.9261338
63Thrissur Thrissur Town East Swaraj Round North Junction - Vadakke Bus Stand Cochin Dewaswam Boad Junction Kodungalloor - Shornur Road (SH - 22) SH 51 3 165 63Thrissur Thrissur Town East Swaraj Round North Junction - Vadakke Bus Stand Cochin Dewaswam Boad Junction Kodungalloor - Shornur Road (SH - 22) SH 51 3 165,10.5301592,76.2146867
64 Kollam Parippally PS 50m after Ruby Arabian Food Court - Prince Auditorium Paripally National Highway 66 (NH 66) NH 44 9 164,8.8198539,76.7540107
65 Alappuzha Vallikunnam 50m before South Indian Bank - IPC Bethel Church Kattanam Kayamkulam - Pathanapuram (SH 5) SH 50 3 162,9.1764615,76.5647283
66 Thrissur Pudukkad Plaza Paliyekara National Highway 544 (NH - 544) NH 50 3 162,10.9710291,77.037603
67 Thiruvananthapuram City Traffic School Valiyathura Valiyathura - Muttathara Road OR 50 3 162,8.4674575,76.9317446
68 Alappuzha Punnapra  Punnapra North Post Office - Punnapra Brethren Assembly Church Paravoor Junction National Highway 66 (NH 66) NH 43 9 161,9.4620807,76.3442657
69 Kottayam Gandhinagar 70m afterports Council Office -omeo Hospital Nagampadam Main Central Road (SH 1) SH 39 11 161,9.5967999,76.5249419
70 Palakkad VADAKKENCHERRY 130m after Gayathry Fuels Petrol Pump - 140m after Mangalam Bridge Mangalam Palam National Highway 544 (NH - 544) NH 39 11 161,10.6028666,76.492455
71 Kollam CHAVARA 60m after SBI ATM - 50m after Post Office Chavara Bridge Chavara National Highway 66 (NH 66) NH 45 7 159,8.9908056,76.5404387
72 Thiruvananthapuram CITY TRAFFIC 50m before Govt HS Vazhamuttam - Thuppanathu Kavu Devi Temple Vazhamuttam National Highway 66 Bypass (NH 66 Bypass) NH 46 5 158,8.4122234,76.971507
"73 Pathanamthitta PATHANAMTHITTA 140m before IOC Pump - 70m before Federal Bank, Kumbazha Kumbazha State Highway 8 SH 47 4 157",9.2629165,76.8064547
"74 Alappuzha HARIPPAD K V Jetty Junction- 50m before Puthenpurayil Fm Tyre Haripad Kumarapuram, Thamallackal National Highway 66 (NH 66) NH 39 10 157",9.2870226,76.4201523
75 Kottayam KURAVILANGADU 180m before Thottuva Junction - 240m after Bharath Timbers Thottuva Kuruvilangad Kuruppunthara Road OR 48 3 156,10.1640821,76.4860252
76 Kollam Kottiyam PS Pattathil Road Junction - Overseas Honda Mylakkad National Highway 66 (NH 66) NH 44 6 156,8.8631424,76.6893466
"77 Kollam KARUNAGAPPALLY 50m before Puthiyakavu Junction - 80m after  Sheikh Masjid, Puthiyakavu Puthiyakavu Junction National Highway 66 (NH 66) NH 44 6 156",9.0771674,76.5320427
78 Kottayam CHINGAVANAM Kerala State Beverages Corporation Ltd - 150m after Axis Bank ATM Kodimatha National Highway 183 (NH 183) NH 44 6 156,9.6553081,77.2224372
"79 Alappuzha Harippad 50m before SBI ATM - 180m before Karthikapally CARD BANK Danapady Junction, Haripad National Highway 66 (NH 66) NH 40 10 156",9.257514,76.4507795
80 Thrissur KORATTI Ottupura Clay House- New Narasimhamoorthy Temple Muringoor National Highway 544 (NH - 544) NH 45 7 155,10.9710291,77.037603
81 Kottayam Changanassery 80m after Divine Nagar Road Junction - 150m before SBI ATM Valiyakulam Karukachal - Changassery Road OR 41 8 155,9.5016376,76.639889
82 Ernakulam Traffic East PS Kundanoor Service Road Junction- Nettoor Jn Kundannoor Bridge National Highway 66 (NH 66) NH 50 1 154,9.9446366,76.3145188
"83 Kollam TRAFFIC PS QUILON 120m before Canara Bank, Thattamala - KTM Showroom Thattamala National Highway 66 (NH 66) NH 46 4 154",8.8717555,76.6390251
84 Alappuzha Ambalapuzha BKM Hospital - 50m after Payalkulangara Sree Devi Temple Near Ambalappuzha Junction National Highway 66 (NH 66) NH 43 6 153,9.3786514,76.362836
85 Kottayam TRAFFIC PS KOTTAYAM Supreme Computer Systems - Eranjal Road Junction Kanjikuzhy National Highway 183 (NH 183) NH 48 2 152,9.5872986,76.5430714
86 Kottayam CHANGANASSERY Mulamoottil Gold Loan - Maruthi Suzuki Servicing Center Thuruthy Main Central Road (SH 1) SH 37 11 151,9.4827361,76.5262238
87 Thiruvananthapuram CITY TRAFFIC New Rajasthan Marbles - Aryankuzhy Kamaleswaram Road Junction Muttathara National Highway 66 Bypass (NH 66 Bypass) NH 46 3 150,8.467682,76.9455815
88 Alappuzha Aroor Road Chandiroor National Highway 66 (NH 66) NH 38 11 150,9.8433362,76.3088759
89 Kollam TRAFFIC PS QUILON 110m after Asramam Masjid - 60m after Uliyakovil Road Junction Asramam Asramam Road OR 43 5 149,8.8949863,76.5993148
90 Thrissur Traffic Thrissur 150m before Sakthan Thampuran Bus Stand- 150m after DENA Bank Sakthan Thampuran Round About Municipal Office Road OR 43 5 149,10.5276416,76.2144349
91 Kottayam Ettumanoor Pandarakalam Finance Private Ltd - State Bank of India Athirampuzha Ettumaanoor - Athirampuzha Road OR 44 4 148,9.6687095,76.5386633
92 Malappuram THIROOR SBI Thazhepalam - IndusIND Bank Chembra State Highway 71 (SH 71) SH 44 4 148,10.9122342,75.9190895
93 Thiruvananthapuram City Traffic Chaitanya Eye Hospital - St Mary's School Keasavadaspuram National Highway 66 (NH 66) NH 44 4 148,8.5297279,76.9384453
94 Alappuzha CHENGANNOOR Anjalimoodu Junction - Mathews Mar Athanasius Residential Central School Anjalimoodu Junction National Highway 183 (NH 183) NH 40 7 148,9.3181932,76.6140143
,,
95 Ernakulam CITY TRAFFIC EAST 90m after Mumbiath Road Junction - 110m after PHC Cheranalloor National Highway 66 (NH 66) NH 45 3 147,10.176785,76.475106
96 Ernakulam Elamakkara Edapally Cooperative Bank - 40m before Bhima Jewellers Edapally National Highway 66 (NH 66) NH 45 3 147,10.0223528,76.3101194
97Ernakulam PERUMBAVOOR Seemas Wedding Collection - Federal Bank Perumbavoor State Highway 16 (SH 16) SH 42 5 146,10.1146301,76.4777526
98 Ernakulam ALUVA 50m before Vellamparambhu Road Junction - 70m after South Indian Bank ATM Paravoor Junction National Highway 544 (NH - 544) NH 42 5 146,10.1003709,76.3570382
99 Thiruvananthapuram City Traffic Kerala State IT Mission - 60m affter South Indian Bank Vellayambalam State Highway 2 (SH 2) SH 42 5 146,8.7447598,77.0241695
100 Ernakulam KALADI 240m before SBI ATM - Krishi Bhavan Mattoor Main Central Road (SH 1) SH 43 4 145,9.3130917,76.6218513
101 Kozhikode Feroke 70m before Kerala Gramin Bank - 80m before Parammal Road Junction Ramanattukara National Highway 66 (NH 66) NH 39 7 145,11.1831214,75.8462412
102 Ernakulam CITY TRAFFIC WEST ICICI Bank - Air Arabia Atlantis Junction Mahatma Gandhi road SH 44 3 144,9.9816358,76.2998842
103 Kozhikode TRAFFIC STATION 50m before Chinmaya Road Junction - 110m after Thondayad Junction Thondayad Mavoor Road OR 40 6 144,11.2598836,75.8100783
104 Ernakulam CITY TRAFFIC EAST Kalamassery Metro Station - 110m after SBI Kalmassery Kalamassery National Highway 544 (NH - 544) NH 40 6 144,10.0531493,76.3528075
105 Pathanamthitta Konni South Indian Bank - Muthoot Finance Konni State Highway 8 SH 45 2 143,9.2292,76.8481
106 Pathanamthitta THIRUVALLA310m after Mannankarachira Public Library - 210m before ISKCON Sri Krishna,9.3889033,76.5620889
Temple Thiruvalla Kavumbhagom Kavumbhagam - Muthoor roadOR 45 2 143,9.3893396,76.5619595
"107 Thiruvananthapuram City Traffic Manacaud Junction - 110m after Federal Bank,Manacaud Manacaud Trivandrum Vizhinjam Rd OR 42 4 142",8.4782988,76.9476962
108 Kozhikode TRAFFIC STATION Bishop House - Santhi Bhavan BSS Colony Malaparamba National Highway 66 Bypass (NH 66 Bypass) NH 38 8 142,11.285678,75.8114528
109 Kollam Kollam Traffic PS Yes Bank - RP Mall Kachery Junction National Highway 66 (NH 66) NH 38 7 142,8.8932118,76.6141396
110 Thiruvananthapuram CITY TRAFFIC 125m before Junction - IOC Petrol Pump Vellayani Junction National Highway 66 (NH 66) NH 39 6 141,8.4575994,76.9997668
111Kollam Sakthikulangara PS Poovanpuzha Devi Temple - Govt School Road Jn Kureepuzha National Highway 66 (NH 66) NH 35 9 141,8.9230166,76.5527249
112Thiruvananthapuram ATTINGAL Kalyan Silks - HP Pump Attingal National Highway 66 (NH 66) NH 44 2 140 112Thiruvananthapuram ATTINGAL Kalyan Silks - HP Pump Attingal National Highway 66 (NH 66) NH 44 2 140,8.6988777,76.8138695
113 Alappuzha Kayamkulam 250m after ONK Jn - Indus Motors Kayamkulam National Highway 66 (NH 66) NH 41 5 139,9.1953887,76.4862597
114 Alappuzha AMBALAPUZHA 200m after SVD UP School - 200m after BP Pump Purakkad National Highway 66 (NH 66) NH 41 5 139,9.3786514,76.362836
115 Thrissur Thrissur Town West Thrissuro-Operative Bank- Westfort Jn West Fort Junction West Fort Road OR 41 4 139,10.5276416,76.2144349
116 Thiruvananthapuram CITY TRAFFIC Vattiyoorkavu Juma Masjid - Thoppumukku Junction Vattiyoorkavu Junction Vattiyoorkavu - Puliyarakonam Road OR 41 4 139,8.525686,76.9924524
117 Kollam Kottiyam PS 110m after IOC Petrol Pump - Sitara Junction KIMS Kottiyam National Highway 66 (NH 66) NH 38 6 138,8.8659473,76.6708601
"118 Thiruvananthapuram Attingal Yamuna & Kaveri Theatres - Bharath Petroleum Pump, Mamom Mamom National Highway 66 (NH 66) NH 39 5 137",8.6982226,76.8136569
119 Kollam KUNDARA St Antony's Shrine - Kundara Railway Station Mukkada Junction National Highway 744 (NH 744) NH 39 5 137,8.959505,76.6748831
120 Malappuram Thenhipalam Kalarickaliyettu Durga temple- KINFRA Kakkanchery National Highway 66 (NH 66) NH 35 8 137,11.1556686,75.891155
121 Thrissur Pudukkad 60 mts after Jancy Raod Jn - SBI ATM Thalore Thalore Thrissur - Thalore Road (High Road) SH 36 8 136,10.4562381,76.2489223
122 Ernakulam CITY TRAFFIC WEST Cherukulam Rd Jn - Panchayath Raj Rd Jn Palluruthy Aroor - Thoppumpady road SH 45 0 135,9.9231644,76.273097
123 Kottayam PALAI Hotel Bion - Lalam Bridge Junction Lalam Bridge Main Eastern Highway (SH 8) SH 41 3 135,9.7135562,76.6879811
124 Ernakulam CITY TRAFFIC EAST Le Meridian - Audi Kochi Kundanoor Junction National Highway 66 (NH 66) NH 41 3 135,9.9446366,76.3145188
125 Kollam CHAVARA Vijaya Palace -  Star Bike Workshop Nallezuthu Junction National Highway 66 (NH 66) NH 38 5 134,8.9908056,76.5404387
126 Ernakulam CITY TRAFFIC EAST Hotel Malabar Illam - Tata Motors Chalikkavattom National Highway 66 (NH 66) NH 34 9 134,9.9810576,76.3247705
127 Ernakulam ALUVA Tamarind Rajadhani - Pulinchuvadu Metro Station Pulinchuvadu National Highway 544 (NH - 544) NH 39 4 133,10.1003709,76.3570382
128 Ernakulam CITY TRAFFIC EAST PVS Hospital - Mathrubhumi Junction Kaloor Junction Banerji Road SH 39 4 133,9.9921355,76.3019038
129 Ernakulam CITY TRAFFIC EAST Decathlon - Chambakkara River Bridge Thykoodam National Highway 66 (NH 66) NH 39 4 133,9.9540141,76.3268229
"130 Alappuzha Aroor Muthoot, Eramalloor - 50m before Madeena Supermarket Eramalloor National Highway 66 (NH 66) NH 35 8 133",9.878191,76.3038672
131 Idukki THODUPUZHA Smitha Hospital -Vengalloor School Road Junction Vengalloor Punalur - Muvattupuzha Road (SH - 8) SH 41 2 131,9.498657,76.7510816
"132 Ernakulam CITY TRAFFIC EAST Nest, CUSAT Junction - 70m after Town Hall South Kalamassery Junction National Highway 544 (NH - 544) NH 41 2 131",10.0507697,76.3200956
133 Thiruvananthapuram City Traffic Ranigiri Church - State Bank of India Mananthala Junction Main Central Road (SH 1) SH 41 2 131,9.3130917,76.6218513
134 Kollam Sakthikulangara PS Central Bank of India - 70m after NSS karayogam Kavanad National Highway 66 (NH 66) NH 37 5 131,8.9190445,76.5595359
135 Thiruvananthapuram Kilimanoor Indian Overseas Bank - Erapil Road Junction Kilimanoor Junction Main Central Road (SH 1) SH 37 5 131,9.1447869,76.7327983
136 Thrissur CHALAKUDI 100 mts before Mini Civil Station - CSI St Johns Church Court Jn National Highway 544 (NH - 544) NH 37 5 131,10.3070105,76.3340589
"137 Ernakulam Kalamassery St Mary's Church - Nest, CUSAT Junction TVS Junction National Highway 544 (NH - 544) NH 37 5 131",10.0521944,76.3199859
138 Thiruvananthapuram City Traffic 180m before Thiruvallom Junction - Maruti Suzuki True Value Thiruvallom Junction National Highway 66 Bypass (NH 66 Bypass) NH 38 5 130,8.4478996,76.9556643
139 Thiruvananthapuram CITY TRAFFIC NHAI RO Kerala - 80m after Pettah Junction Pettah Junction Palayam Airport road OR 34 7 130,8.4937457,76.925839
140 Kozhikode TRAFFIC STATION Rajaji Rd Jn -Stadium Junction Moffusil Bus Stand Rajaji road OR 39 3 129,11.2554752,75.7864836
141 Thiruvananthapuram Kazhakkuttom AJ Hospital Junction - Canara Bank Kazhakuttom Junction National Highway 66 (NH 66) NH 39 3 129,8.5685708,76.8731333
142 Alappuzha KUTHIYATHODE Kelamkulangara Bhagavathi Temple - Upasana Auditorium Kuthiathode National Highway 66 (NH 66) NH 35 6 129,9.7934071,76.3159664
143 Kozhikode Vatakara Marble Mahal - Arya Bhavan Hotel Narayana Nagar National Highway 66 (NH 66) NH 40 2 128,11.5898996,75.5938919
,,
144 Thiruvananthapuram CITY TRAFFIC 50m after Ananthapuri Hospital - Hotel Pallava Rajadhani Chakka National Highway 66 Bypass (NH 66 Bypass) NH 40 2 128,8.5241391,76.9366376
145 Ernakulam ALUVA Pulinchuvadu Metro Station - Forest Industries Ltd Companypadi Junction National Highway 544 (NH - 544) NH 36 5 128,10.0886928,76.343287
146 Kollam PARIPPALLY Mukkada Junction - Highway Motors Mukkada Junction National Highway 66 (NH 66) NH 32 8 128,8.8123488,76.7588672
147 Kollam OCHIRA Hotel Royal Regency - IOC Pump Oachira Junction National Highway 66 (NH 66) NH 37 4 127,9.1255172,76.5097205
148 Ernakulam CITY TRAFFIC EAST Olive Furniture - Hotel Highway Garden Oberon Mall National Highway 66 (NH 66) NH 37 4 127,9.9816358,76.2998842
149 Thiruvananthapuram CITY TRAFFIC Sree Balakrishna Swamy Temple - Paruthikuzhy Junction Paruthikuzhy Junction National Highway 66 Bypass (NH 66 Bypass) NH 37 4 127,8.4515292,76.945535
150 Thiruvananthapuram KALLAMBALAM 250m before and after 28th mile 28th Mile National Highway 66 (NH 66) NH 38 3 126,8.762886,76.7913996
151 Thrissur Kodungallur Kodungallur Municipal Townhall - Kodungalloor Islahi Masjid Chandapura Signal Junction National Highway 66 (NH 66) NH 38 3 126,10.2343459,76.1946751
152 Wayanad Sulthan Batheri Ganapathy Temple Jn - 120m before Chungam Junction Temple Jn National Highway 766 (NH 766) NH 38 3 126,11.743241,76.4731476
153 Ernakulam CITY TRAFFIC EAST 70m after SBI - 270m before Geetanjali Junction Chakkaraparambu Junction National Highway 66 (NH 66) NH 38 3 126,9.9898476,76.3188616
154 Ernakulam CITY TRAFFIC EAST Edapally Toll Junction - 50m after Indian Oil Petrol Pump Edapally Toll Junction National Highway 544 (NH - 544) NH 38 3 126,10.9710291,77.037603
155 Thiruvananthapuram Kazhakkuttom 60m before Hero Motors - AJ Hospital Junction AJ Hospital Junction National Highway 66 (NH 66) NH 38 3 126,8.5685708,76.8731333
156 Ernakulam KALADI 150m before Hotel Kadambari - 140m before Parackal Timber Trust Marottichuvadu Main Central Road (SH 1) SH 34 7 126,10.175728,76.4222063
157 Malappuram VALANCHERRY Kerala Gramin Bank - Syndicate Bank ATM Valanchery Junction National Highway 66 (NH 66) NH 36 6 124,10.8877717,76.0732189
158 Kottayam Traffic Kottayam Junction Logos Junction Railway station road OR 36 4 124,9.5912787,76.5321625
159 Kollam Parippally PS180m before Nadakkal Service Coop Bank - 75m after Kalluvathukal Grama,8.8278578,76.7480805
Panchayath Office Kalluvathukkal Junction National Highway 66 (NH 66)NH 32 7 124,8.8278578,76.7480805
160 Thiruvananthapuram CITY TRAFFIC SBI - Bridge near Infosys Infosys National Highway 66 Bypass (NH 66 Bypass) NH 41 0 123,8.5351066,76.8809239
161 Thrissur Traffic Thrissur Marar Road Junction - Chettiyangadi Junction Kurupam Road Junction Kodungalloor - Shornur Road (SH - 22) SH 37 3 123,10.5147367,76.2109628
162 Thrissur PERAMANGALAM Mundur Service Co-Operative Bank - 50m before Federal Bank Mundur Junction Thrissur - Kuttipuram Road (SH - 69) SH 37 3 123,10.5915509,76.1552445
163 Ernakulam CITY TRAFFIC EAST Sri Muruga Saravana Bhavan - 70m after D.T.D.C. Kunnumpuram Junction National Highway 66 (NH 66) NH 38 2 122,9.9816358,76.2998842
164 Kollam Chathannoor PS 70m before Arunodhayam Auditorium - 50m after Federal Bank ATM Chathanoor Junction National Highway 66 (NH 66) NH 31 9 121,8.8622508,76.7233631
"165 Kollam PUNALUR BP Fuel Station - Kumar Palace Road Jn TB Jn, Punalur National Highway 744 (NH 744) NH 31 7 121",9.0176117,76.9260936
166 Kottayam KuravilangaduKuravilangad Service Co Operative Bank - St Mary's Girls Higher Secondary,9.759076,76.5618575
Kuravilangad Main Central Road (SH 1) SH 36 5 120,9.757589,76.5610256
"167 Ernakulam Perumbavoor Iringole Post Office - St. Thomas Church RTO Office, Iringole State Highway 16 (SH 16) SH 36 3 120",10.1146301,76.4777526
168 Kollam Killikollur Catholic Syrian Bank - 140m after KJ Hospital Moonam kutti National Highway 744 (NH 744) NH 36 3 120,9.3048731,77.4175192
"169 Thiruvananthapuram City Traffic Vettukad Church -  St. Mary's Church, Cheruvettukad Vettukad Veli - Shankhumugham road OR 36 3 120",8.4947073,76.90056
170 Thrissur PERAMANGALAM130m after Cheerakuzhy Subramania Temple - Adat Farmers Service Co,10.56081,76.1700379
Operative Bank Amala Nagar Thrissur - Kuttipuram Road (SH - 69)SH 32 8 120,10.8399323,76.0216937
"171 Kozhikode TRAFFIC STATION KSEB Electrical Section, Pottammal- Abeer Medical Center Pottamal Junction Mavoor Road OR 32 6 120",11.258725,75.7941547
172 Kollam KOTTIYAM 80m before HM Shopping Mall - 210m after Kannanalloor Junction Kannanalloor Kollam - Ayoor road OR 37 2 119,8.901059,76.7929664
173 Kozhikode TRAFFIC STATION Mango Hypermarket - Salafi Masjid Mankavu Junction Mini Bypass road SH 37 2 119,11.2387581,75.7988566
174 Kozhikode TRAFFIC STATION Kunnamangalam UP School - Daymart Supermarket Kunnamangalam National Highway 766 (NH 766) NH 37 2 119,11.30493,75.877052
175 Thiruvananthapuram CITY TRAFFIC  250m before and after Petrol Pump Thiruvallam Bridge Approach National Highway 66 Bypass (NH 66 Bypass) NH 37 2 119,8.5241391,76.9366376
176 Kozhikode TRAFFIC STATION YMCA Cross Road Junction - Kozhikodeo Operative Bank Mavoor Road Junction National Highway 766 (NH 766) NH 33 5 119,11.2591302,75.7913717
177 Thiruvananthapuram Kazhakkuttom TRINS PreSchool - Technopark MainGate Technopark Junction National Highway 66 Bypass (NH 66 Bypass) NH 33 5 119,8.5685708,76.8731333
178 Kottayam TRAFFIC PS KOTTAYAM Seematti Roundabout - Dhanya Remya Theatre Mahatma Gandhi Square National Highway 183 (NH 183) NH 38 1 118,9.6553081,77.2224372
179 Kollam KILIKOLLOOR Killikollur Railway Station -70m after Kairali Ford Killikollur Junction National Highway 744 (NH 744) NH 34 4 118,8.9153419,76.632607
180 Thiruvananthapuram Venjarammood Alanthara Petrol Pump - Indian Coffee HouseGokulam Medical College,8.6855911,76.9074483
"Junction, Alanthara Main Central Road (SH 1)SH 34 4 118",9.3130917,76.6218513
181 Ernakulam CITY TRAFFIC WEST 50m before St Thomas More Roman Catholic Latin Church - Janatha Junction Kumbalangi Aroor - Thoppumpady road SH 34 4 118,9.9680971,76.3127093
"182 Alappuzha Kuthiathode PS Pattukulangara Devi Temple - Indian Coffee House, Thuravoor Thuravoor National Highway 66 (NH 66) NH 30 8 118",9.7934071,76.3159664
"183 Alappuzha Punnapra CSI Church - Carmel Road JunctionCarmel College Of Engineering,",9.4359668,76.3424289
184 Ernakulam North Parur Bank of India ATM - 50m before Kairali Motors Perumpadanna Republic Road OR 35 3 117,10.1426921,76.210227
185 Thiruvananthapuram Vattappara 85m after HP Fuel Station - 85m before Yamaha Showroom Kanyakulangara Junction Main Central Road (SH 1) SH 35 3 117,8.6312476,76.9369384
"186 Thrissur Thrissur Town West Society Kalyan Nagar, Ayyanthole Thrissur - kanjani - Vadanapally Road (SH -75) SH 35 3 117",10.5209815,76.191415
187 Thrissur Irinjalakkuda 50 mts before Vellangallur Jn - Glamour Fuels Indian Oil Vellangallur Kodungalloor - Shornur Road (SH - 22) SH 35 3 117,10.3030639,76.2090068
"188 Alappuzha Punnapra Assembly Road Junction - IOC Pump, Punnapra Kappakada,Punnapra National Highway 66 (NH 66) NH 31 6 117",9.4400956,76.3433635
189 Thrissur KORATTI Kerala Gramin Bank- 60ms before IOC pump Chirangara National Highway 544 (NH - 544) NH 31 6 117,10.2544156,76.3680696
,,
190 Palakkad Traffic Palakkad 220m before Kazchaparambu Junction - Dubai Motors Kazchaparambu Junction National Highway 544 (NH - 544) NH 23 14 117,10.9512736,76.5488232
191 Thrissur Traffic Thrissuredical Office - KFC Ambakkaden Jn Thrissur - Palghat Road OR 36 2 116,10.5230651,76.222116
192 Thiruvananthapuram City Traffic Karakkamandapam Junction - 100m before Indian Oil Petrol Pump Karakkamandapam Junction National Highway 66 (NH 66) NH 36 2 116,8.4578981,76.9993734
193 Thiruvananthapuram CITY TRAFFIC Poonthura Junction - SM Lock Junction Poonthura Junction Valiyathura - Beemapally - Poonthura Rd OR 36 2 116,8.4470417,76.9409588
194 Ernakulam MUVATTUPUZHA 40m after Karshika Sahakarana Bank - Nehru Junction Velloorkunnu Signal Junction National Highway 85 (NH 85) NH 32 5 116,9.9894229,76.5789749
195 Kottayam KURAVILANGADU 100m after Vempally Post Office - Vempally Thekkekavala Vempally Main Central Road (SH 1) SH 32 5 116,9.6917451,76.5604189
196 Kozhikode QUILANDY Namdilath G Mart - Indian Oil Petrol Pump Koyilandy Old Bus Stand Junction National Highway 66 (NH 66) NH 32 5 116,11.4428699,75.6976443
197Thiruvananthapuram Varkala Indian Overseas Bank - Dhanya Supermarket Varkala State Highway 64 SH 28 8 116,8.7364898,76.7250254
199 Kollam Shakthikulangara P S 40m after Kaloor Bhagavathy Temple - Ramankulangara Junction Ramankulangara National Highway 66 (NH 66) NH 33 4 115,8.9080804,76.5607607
"200 Kozhikode TRAFFIC STATION BSNL Exchange Feroke - AM Motors Chungam Junction, Feroke National Highway 66 (NH 66) NH 29 7 115",11.1839529,75.8437724
"201Thrissur KUNNAMKULAM Post Office, Kadavalloor - 255m after Kallumpuram Junction Kallumpuram Thrissur - Kuttipuram Road (SH - 69) SH 17 1 115",10.7220248,76.0783504
202 Ernakulam Aluva Hotel Periyar - Market Junction Aluva Junction National Highway 544 (NH - 544) NH 34 4 114,10.1003709,76.3570382
"203 Alappuzha AROOR Primary Health Centre,Aroor  - Keltron Road Jn Temple Junction, Aroor National Highway 66 (NH 66) NH 34 3 114",9.878191,76.3038672
204 Kollam Kottiyam PS Salafi Masjid Mosque - 175m after Mubarak Plywood and Hardwares Umayanalloor Junction National Highway 66 (NH 66) NH 34 3 114,8.8659473,76.6708601
205 Ernakulam Traffic East PS Kannanthodath Lane Junction - Modern Food Enterprises Changampuzha Junction Palarivattom -  Edapally Road SH 34 3 114,10.013364,76.3020636
206 Thrissur VADANAPPILLY 80mts before St. Marys Church 10 th stone- Thalikkulam Village Office Patham Kallu National Highway 66 (NH 66) NH 30 10 114,10.4445934,76.0908068
207 Kollam CHATHANNOOR 70m before Ithikkara Juma Masjid - 55m after Perfect Car Painting Shop (Curve) Ithikkara Junction National Highway 66 (NH 66) NH 30 7 114,8.8622508,76.7233631
208Alappuzha Harippad 110m after Hotel Saugandhika Residency - 50m before South Indian Bank ATM Junction National Highway 66 (NH 66) NH 30 6 114 208Alappuzha Harippad 110m after Hotel Saugandhika Residency - 50m before South Indian Bank ATM Junction National Highway 66 (NH 66) NH 30 6 114,9.2798559,76.4592235
"209 Kottayam CHINGAVANAM Chingavanam Bretheren Church Road Junction - 90m before Canara Bank Manthiran kavala, Kurichy National Highway 183 (NH 183) NH 35 2 113",9.5031142,76.5304713
210 Ernakulam CITY TRAFFIC WEST Pyari Junction - St. Mary's Syrian Church palluruthy BOT Bridge Junction Aroor - Thoppumpady road SH 35 2 113,9.9355961,76.2583277
211 Alappuzha Ambalapuzha 325m before and 125m after Sree Kuruttu Bhagavathy Temple Thottappally Juma Masjid National Highway 66 (NH 66) NH 31 5 113,9.322183,76.383986
212 Kozhikode Koyilandy 120m after JB's Art Gallery - 140m after Vengalam Junction Vengalam Highway Junction National Highway 66 (NH 66) NH 23 11 113,11.3690986,75.7398348
213 Kollam Kollam East PS St Thomas Syrian Church - Christuraj School Chemmanmukku Kappalandimukku - Kadappakkada road OR 32 5 112,8.8948707,76.6073171
214 Ernakulam CITY TRAFFIC EAST Axis Bank and ATM - Federal Bank Koonamthai National Highway 544 (NH - 544) NH 32 5 112,10.0332953,76.3130712
215 Ernakulam NORTH PARUR St Antony's Church - 70m before Cheriyapally Bridge Approach Cheriyapally Bridge National Highway 66 (NH 66) NH 32 4 112,10.1446281,76.2272714
216 Pathanamthitta THIRUVALLA LP School - 200m after Hospital Road Junction Aashupathrippadi Thiruvalla - Mallappally Road (SH 9) SH 32 4 112,9.3247023,76.5390312
217 Thrissur PERAMANGALAM Co Operative Bank - 130m after Kerala Gramin Bank ATM Kaiparambu Junction Thrissur - Kunnamkulam Road (SH - 69) SH 32 4 112,10.6076043,76.1394382
218 Thiruvananthapuram CITY TRAFFIC 120m before Pananvila Junction - MG College Gate Paruthippara Junction Main Central Road (SH 1) SH 32 4 112,8.5402979,76.9409991
219Ernakulam Aluva 80m after IOCL - Ambattukavu Metro Station Ambattukavu National Highway 544 (NH - 544) NH 28 7 112,10.9710291,77.037603
220 Ernakulam Muvattupuzha State Bank Of India - MS used cars Showroom Peezhakapilly Main Central Road (SH 1) SH 28 7 112,10.0107862,76.5691986
221 Thiruvananthapuram Medical College 130m after IDBI Bank - Ideal Home Appliances Ulloor Junction National Highway 66 (NH 66) NH 33 3 111,8.5298547,76.9286549
"222 Ernakulam CITY TRAFFIC EAST Avenue Junction - 100m before BSNL Exchange SN Junction, Thrippunithura National Highway 85 (NH 85) NH 29 8 111",9.954662,76.345919
223 Alappuzha Punnapra 140m after Reliance - 90m after Chinmaya Thookkukulam National Highway 66 (NH 66) NH 29 7 111,9.4400956,76.3433635
224Pathanamthitta PANDALAM Kanyaka Silk - Indian Oil Petrol Pump Pandalam Junction Main Central Road (SH 1) SH 29 7 111,9.2249929,76.678471
225 Kollam Kottarakkara PS 120m after Indian Oil Petrol Pump - Rajani School Kalayapuram Main Central Road (SH 1) SH 29 6 111,9.0518016,76.7631129
226 Kozhikode TRAFFIC STATION 300m before Feroke Police Station( Towards Bridge) - Feroke Post Office Pettah Feroke National Highway 66 (NH 66) NH 29 6 111,11.176983,75.831341
"227 Thiruvananthapuram CITY TRAFFIC Brahmos Aerospace - 110m after Fire And Rescue Station Fire And Rescue, Chakkai Veli - Perumathura road OR 29 6 111",8.6001908,76.8148575
228 Pathanamthitta ADOOR 210m after St Mary's Church - Mayooram Auditorium Kilivayal Main Central Road (SH 1) SH 25 9 111,9.1233142,76.7437522
229 Ernakulam Kalady HP Fuel Station - Kerala Gramin Bank Kalady Junction Main Central Road (SH 1) SH 34 2 110,10.170207,76.4308873
230 Thiruvananthapuram City Traffic VJT Junction - Statue Junction Statue National Highway 66 (NH 66) NH 34 2 110,8.4967038,76.950623
231 Kollam Chavara PS 60m after Le Arabia - 100m before FKM Auditorium Vettamukku National Highway 66 (NH 66) NH 30 6 110,8.9908056,76.5404387
232 Alappuzha Kayamkulam Center Oachira Premier Junction National Highway 66 (NH 66) NH 30 5 110,9.1255172,76.5097205
233 Ernakulam MUNAMBAM HP Pump - Arya Bhangy Honda Showroom DevaswomNada Junction State Highway 63 (SH 63) SH 35 1 109,10.1789052,76.1696791
234 Thiruvananthapuram Pettah Pettah Railway Station Junction - Indian Oil Petrol Pump Naalumukku Palayam - Airport Rd OR 31 4 109,8.4925045,76.9234145
235 Ernakulam ANGAMALI 80m before Karukutty Junction - Maxx Inn M Star Hotels Karukutty Junction National Highway 544 (NH - 544) NH 27 8 109,10.2269766,76.3748733
"236 Thiruvananthapuram KAZHAKUTTOM KR Bakers - BSNL Telephone Exchange, Karyavattom Ambalathinkkara National Highway 66 (NH 66) NH 27 7 109",8.5650491,76.8833613
237 Ernakulam CITY TRAFFIC EAST ICICI Bank - St Mary's Church North Kalamassery National Highway 544 (NH - 544) NH 32 5 108,10.0563318,76.3171144
"238 Alappuzha HARIPPAD IOC Pump - Harippad Government Boys High School Madhava Junction, Harippad National Highway 66 (NH 66) NH 32 3 108",9.2798559,76.4592235
